Workbook

Sheet Settings
A1: Yen: spot, FX-option vol surface, forwards, rates (yen-core + yen-all)
A3: Start date | B3: 40179 | C3: First date of history
A4: End date | C4: Leave blank for today
A6: Legend
A7: Yellow cells with blue text | B7: inputs you may change; everything else is a formula
A9: How to use
A10: 1. Open this file in Excel on the Bloomberg PC with the Terminal logged in. Click Enable Editing / Enable Content.
A11: 2. Wait until no cell says 'Requesting Data...'. If nothing loads: Bloomberg tab > Refresh > Refresh Workbook.
A12: 3. A cell reading '#N/A Invalid Security' or '#N/A Field Not Applicable' just means that item is unavailable.
A13: 4. File > Save As, keep .xlsx, and add the date to the name. Upload the saved file to Claude.

Sheet Yen Core
A1: USDJPY Curncy | F1: USDJPYV1W Curncy | I1: USDJPYV1M Curncy | N1: USDJPYV3M Curncy | Q1: USDJPY25R1M Curncy | T1: USDJPY25B1M Curncy | W1: USDJPY10R1M Curncy | Z1: USDJPY10B1M Curncy | AC1: JPY1M Curncy
A2: USD/JPY spot | F2: 1-week ATM implied vol | I2: 1-month ATM implied vol | N2: 3-month ATM implied vol | Q2: 1-month 25-delta risk reversal | T2: 1-month 25-delta butterfly | W2: 1-month 10-delta risk reversal | Z2: 1-month 10-delta butterfly | AC2: 1-month forward points
A3: Date | B3: PX_LAST | C3: PX_HIGH | D3: PX_LOW | F3: Date | G3: PX_LAST | I3: Date | J3: PX_LAST | K3: PX_BID | L3: PX_ASK | N3: Date | O3: PX_LAST | Q3: Date | R3: PX_LAST | T3: Date | U3: PX_LAST | W3: Date | X3: PX_LAST | Z3: Date | AA3: PX_LAST | AC3: Date | AD3: PX_LAST
A4: =BDH(A$1,B$3:D$3,Settings!$B$3,IF(Settings!$B$4="","",Settings!$B$4),"Dir=V","Dts=S","Sort=A","Days=T","Fill=B") | F4: =BDH(F$1,G$3:G$3,Settings!$B$3,IF(Settings!$B$4="","",Settings!$B$4),"Dir=V","Dts=S","Sort=A","Days=T","Fill=B") | I4: =BDH(I$1,J$3:L$3,Settings!$B$3,IF(Settings!$B$4="","",Settings!$B$4),"Dir=V","Dts=S","Sort=A","Days=T","Fill=B") | N4: =BDH(N$1,O$3:O$3,Settings!$B$3,IF(Settings!$B$4="","",Settings!$B$4),"Dir=V","Dts=S","Sort=A","Days=T","Fill=B") | Q4: =BDH(Q$1,R$3:R$3,Settings!$B$3,IF(Settings!$B$4="","",Settings!$B$4),"Dir=V","Dts=S","Sort=A","Days=T","Fill=B") | T4: =BDH(T$1,U$3:U$3,Settings!$B$3,IF(Settings!$B$4="","",Settings!$B$4),"Dir=V","Dts=S","Sort=A","Days=T","Fill=B") | W4: =BDH(W$1,X$3:X$3,Settings!$B$3,IF(Settings!$B$4="","",Settings!$B$4),"Dir=V","Dts=S","Sort=A","Days=T","Fill=B") | Z4: =BDH(Z$1,AA$3:AA$3,Settings!$B$3,IF(Settings!$B$4="","",Settings!$B$4),"Dir=V","Dts=S","Sort=A","Days=T","Fill=B") | AC4: =BDH(AC$1,AD$3:AD$3,Settings!$B$3,IF(Settings!$B$4="","",Settings!$B$4),"Dir=V","Dts=S","Sort=A","Days=T","Fill=B")

Sheet Yen Extra
A1: USDJPYV2W Curncy | D1: USDJPYV2M Curncy | G1: USDJPYV6M Curncy | J1: USDJPYV1Y Curncy | M1: USDJPY25R1W Curncy | P1: USDJPY25R3M Curncy | S1: USDJPY25B3M Curncy | V1: JPY1W Curncy | Y1: JPY3M Curncy | AB1: JY1 Curncy | AH1: JY2 Curncy | AL1: USGG2YR Index | AO1: USGG10YR Index | AR1: GTJPY2Y Govt | AU1: GTJPY10Y Govt | AX1: CL1 Comdty | BA1: CO1 Comdty | BD1: OVX Index | BG1: VIX Index
A2: 2-week ATM implied vol | D2: 2-month ATM implied vol | G2: 6-month ATM implied vol | J2: 1-year ATM implied vol | M2: 1-week 25-delta risk reversal | P2: 3-month 25-delta risk reversal | S2: 3-month 25-delta butterfly | V2: 1-week forward points | Y2: 3-month forward points | AB2: CME yen futures, front | AH2: CME yen futures, second | AL2: US 2-year Treasury yield | AO2: US 10-year Treasury yield | AR2: Japan 2-year JGB yield | AU2: Japan 10-year JGB yield | AX2: WTI crude, front month | BA2: Brent crude, front month | BD2: Cboe crude oil volatility index | BG2: Cboe VIX
A3: Date | B3: PX_LAST | D3: Date | E3: PX_LAST | G3: Date | H3: PX_LAST | J3: Date | K3: PX_LAST | M3: Date | N3: PX_LAST | P3: Date | Q3: PX_LAST | S3: Date | T3: PX_LAST | V3: Date | W3: PX_LAST | Y3: Date | Z3: PX_LAST | AB3: Date | AC3: PX_LAST | AD3: PX_VOLUME | AE3: OPEN_INT | AF3: 30DAY_IMPVOL_100.0%MNY_DF | AH3: Date | AI3: PX_LAST | AJ3: OPEN_INT | AL3: Date | AM3: PX_LAST | AO3: Date | AP3: PX_LAST | AR3: Date | AS3: PX_LAST | AU3: Date | AV3: PX_LAST | AX3: Date | AY3: PX_LAST | BA3: Date | BB3: PX_LAST | BD3: Date | BE3: PX_LAST | BG3: Date | BH3: PX_LAST
A4: =BDH(A$1,B$3:B$3,Settings!$B$3,IF(Settings!$B$4="","",Settings!$B$4),"Dir=V","Dts=S","Sort=A","Days=T","Fill=B") | D4: =BDH(D$1,E$3:E$3,Settings!$B$3,IF(Settings!$B$4="","",Settings!$B$4),"Dir=V","Dts=S","Sort=A","Days=T","Fill=B") | G4: =BDH(G$1,H$3:H$3,Settings!$B$3,IF(Settings!$B$4="","",Settings!$B$4),"Dir=V","Dts=S","Sort=A","Days=T","Fill=B") | J4: =BDH(J$1,K$3:K$3,Settings!$B$3,IF(Settings!$B$4="","",Settings!$B$4),"Dir=V","Dts=S","Sort=A","Days=T","Fill=B") | M4: =BDH(M$1,N$3:N$3,Settings!$B$3,IF(Settings!$B$4="","",Settings!$B$4),"Dir=V","Dts=S","Sort=A","Days=T","Fill=B") | P4: =BDH(P$1,Q$3:Q$3,Settings!$B$3,IF(Settings!$B$4="","",Settings!$B$4),"Dir=V","Dts=S","Sort=A","Days=T","Fill=B") | S4: =BDH(S$1,T$3:T$3,Settings!$B$3,IF(Settings!$B$4="","",Settings!$B$4),"Dir=V","Dts=S","Sort=A","Days=T","Fill=B") | V4: =BDH(V$1,W$3:W$3,Settings!$B$3,IF(Settings!$B$4="","",Settings!$B$4),"Dir=V","Dts=S","Sort=A","Days=T","Fill=B") | Y4: =BDH(Y$1,Z$3:Z$3,Settings!$B$3,IF(Settings!$B$4="","",Settings!$B$4),"Dir=V","Dts=S","Sort=A","Days=T","Fill=B") | AB4: =BDH(AB$1,AC$3:AF$3,Settings!$B$3,IF(Settings!$B$4="","",Settings!$B$4),"Dir=V","Dts=S","Sort=A","Days=T","Fill=B") | AH4: =BDH(AH$1,AI$3:AJ$3,Settings!$B$3,IF(Settings!$B$4="","",Settings!$B$4),"Dir=V","Dts=S","Sort=A","Days=T","Fill=B") | AL4: =BDH(AL$1,AM$3:AM$3,Settings!$B$3,IF(Settings!$B$4="","",Settings!$B$4),"Dir=V","Dts=S","Sort=A","Days=T","Fill=B") | AO4: =BDH(AO$1,AP$3:AP$3,Settings!$B$3,IF(Settings!$B$4="","",Settings!$B$4),"Dir=V","Dts=S","Sort=A","Days=T","Fill=B") | AR4: =BDH(AR$1,AS$3:AS$3,Settings!$B$3,IF(Settings!$B$4="","",Settings!$B$4),"Dir=V","Dts=S","Sort=A","Days=T","Fill=B") | AU4: =BDH(AU$1,AV$3:AV$3,Settings!$B$3,IF(Settings!$B$4="","",Settings!$B$4),"Dir=V","Dts=S","Sort=A","Days=T","Fill=B") | AX4: =BDH(AX$1,AY$3:AY$3,Settings!$B$3,IF(Settings!$B$4="","",Settings!$B$4),"Dir=V","Dts=S","Sort=A","Days=T","Fill=B") | BA4: =BDH(BA$1,BB$3:BB$3,Settings!$B$3,IF(Settings!$B$4="","",Settings!$B$4),"Dir=V","Dts=S","Sort=A","Days=T","Fill=B") | BD4: =BDH(BD$1,BE$3:BE$3,Settings!$B$3,IF(Settings!$B$4="","",Settings!$B$4),"Dir=V","Dts=S","Sort=A","Days=T","Fill=B") | BG4: =BDH(BG$1,BH$3:BH$3,Settings!$B$3,IF(Settings!$B$4="","",Settings!$B$4),"Dir=V","Dts=S","Sort=A","Days=T","Fill=B")
