Workbook

Sheet Settings
A1: Oil core: futures generics, oil ETFs and stocks, vol indices, rates (oil-core)
A3: Start date | B3: 40179 | C3: First date of history
A4: End date | C4: Leave blank for today
A6: Legend
A7: Yellow cells with blue text | B7: inputs you may change; everything else is a formula
A9: How to use
A10: 1. Open this file in Excel on the Bloomberg PC with the Terminal logged in. Click Enable Editing / Enable Content.
A11: 2. Wait until no cell says 'Requesting Data...'. If nothing loads: Bloomberg tab > Refresh > Refresh Workbook.
A12: 3. A cell reading '#N/A Invalid Security' or '#N/A Field Not Applicable' just means that item is unavailable.
A13: 4. File > Save As, keep .xlsx, and add the date to the name. Upload the saved file to Claude.

Sheet Futures
A1: CL1 Comdty | J1: CL2 Comdty | S1: CL3 Comdty | AB1: CL4 Comdty | AK1: CL5 Comdty | AT1: CL6 Comdty | BC1: CL7 Comdty | BL1: CL8 Comdty | BU1: CL9 Comdty | CD1: CL10 Comdty | CM1: CL11 Comdty | CV1: CL12 Comdty | DE1: CO1 Comdty | DN1: CO2 Comdty | DW1: CO3 Comdty | EF1: CO4 Comdty | EO1: CO5 Comdty | EX1: CO6 Comdty | FG1: HO1 Comdty | FP1: XB1 Comdty | FY1: QM1 Comdty | GH1: NG1 Comdty
A2: WTI crude, generic month 1 | J2: WTI crude, generic month 2 | S2: WTI crude, generic month 3 | AB2: WTI crude, generic month 4 | AK2: WTI crude, generic month 5 | AT2: WTI crude, generic month 6 | BC2: WTI crude, generic month 7 | BL2: WTI crude, generic month 8 | BU2: WTI crude, generic month 9 | CD2: WTI crude, generic month 10 | CM2: WTI crude, generic month 11 | CV2: WTI crude, generic month 12 | DE2: Brent crude, generic month 1 | DN2: Brent crude, generic month 2 | DW2: Brent crude, generic month 3 | EF2: Brent crude, generic month 4 | EO2: Brent crude, generic month 5 | EX2: Brent crude, generic month 6 | FG2: NY Harbor ULSD (heating oil), front | FP2: RBOB gasoline, front | FY2: E-mini WTI, front | GH2: Henry Hub natural gas, front
A3: Date | B3: PX_OPEN | C3: PX_HIGH | D3: PX_LOW | E3: PX_LAST | F3: PX_SETTLE | G3: PX_VOLUME | H3: OPEN_INT | J3: Date | K3: PX_OPEN | L3: PX_HIGH | M3: PX_LOW | N3: PX_LAST | O3: PX_SETTLE | P3: PX_VOLUME | Q3: OPEN_INT | S3: Date | T3: PX_OPEN | U3: PX_HIGH | V3: PX_LOW | W3: PX_LAST | X3: PX_SETTLE | Y3: PX_VOLUME | Z3: OPEN_INT | AB3: Date | AC3: PX_OPEN | AD3: PX_HIGH | AE3: PX_LOW | AF3: PX_LAST | AG3: PX_SETTLE | AH3: PX_VOLUME | AI3: OPEN_INT | AK3: Date | AL3: PX_OPEN | AM3: PX_HIGH | AN3: PX_LOW | AO3: PX_LAST | AP3: PX_SETTLE | AQ3: PX_VOLUME | AR3: OPEN_INT | AT3: Date | AU3: PX_OPEN | AV3: PX_HIGH | AW3: PX_LOW | AX3: PX_LAST | AY3: PX_SETTLE | AZ3: PX_VOLUME | BA3: OPEN_INT | BC3: Date | BD3: PX_OPEN | BE3: PX_HIGH | BF3: PX_LOW | BG3: PX_LAST | BH3: PX_SETTLE | BI3: PX_VOLUME | BJ3: OPEN_INT | BL3: Date | BM3: PX_OPEN | BN3: PX_HIGH | BO3: PX_LOW | BP3: PX_LAST | BQ3: PX_SETTLE | BR3: PX_VOLUME | BS3: OPEN_INT | BU3: Date | BV3: PX_OPEN | BW3: PX_HIGH | BX3: PX_LOW | BY3: PX_LAST | BZ3: PX_SETTLE | CA3: PX_VOLUME | CB3: OPEN_INT | CD3: Date | CE3: PX_OPEN | CF3: PX_HIGH | CG3: PX_LOW | CH3: PX_LAST | CI3: PX_SETTLE | CJ3: PX_VOLUME | CK3: OPEN_INT | CM3: Date | CN3: PX_OPEN | CO3: PX_HIGH | CP3: PX_LOW | CQ3: PX_LAST | CR3: PX_SETTLE | CS3: PX_VOLUME | CT3: OPEN_INT | CV3: Date | CW3: PX_OPEN | CX3: PX_HIGH | CY3: PX_LOW | CZ3: PX_LAST | DA3: PX_SETTLE | DB3: PX_VOLUME | DC3: OPEN_INT | DE3: Date | DF3: PX_OPEN | DG3: PX_HIGH | DH3: PX_LOW | DI3: PX_LAST | DJ3: PX_SETTLE | DK3: PX_VOLUME | DL3: OPEN_INT | DN3: Date | DO3: PX_OPEN | DP3: PX_HIGH | DQ3: PX_LOW | DR3: PX_LAST | DS3: PX_SETTLE | DT3: PX_VOLUME | DU3: OPEN_INT | DW3: Date | DX3: PX_OPEN | DY3: PX_HIGH | DZ3: PX_LOW | EA3: PX_LAST | EB3: PX_SETTLE | EC3: PX_VOLUME | ED3: OPEN_INT | EF3: Date | EG3: PX_OPEN | EH3: PX_HIGH | EI3: PX_LOW | EJ3: PX_LAST | EK3: PX_SETTLE | EL3: PX_VOLUME | EM3: OPEN_INT | EO3: Date | EP3: PX_OPEN | EQ3: PX_HIGH | ER3: PX_LOW | ES3: PX_LAST | ET3: PX_SETTLE | EU3: PX_VOLUME | EV3: OPEN_INT | EX3: Date | EY3: PX_OPEN | EZ3: PX_HIGH | FA3: PX_LOW | FB3: PX_LAST | FC3: PX_SETTLE | FD3: PX_VOLUME | FE3: OPEN_INT | FG3: Date | FH3: PX_OPEN | FI3: PX_HIGH | FJ3: PX_LOW | FK3: PX_LAST | FL3: PX_SETTLE | FM3: PX_VOLUME | FN3: OPEN_INT | FP3: Date | FQ3: PX_OPEN | FR3: PX_HIGH | FS3: PX_LOW | FT3: PX_LAST | FU3: PX_SETTLE | FV3: PX_VOLUME | FW3: OPEN_INT | FY3: Date | FZ3: PX_OPEN | GA3: PX_HIGH | GB3: PX_LOW | GC3: PX_LAST | GD3: PX_SETTLE | GE3: PX_VOLUME | GF3: OPEN_INT | GH3: Date | GI3: PX_OPEN | GJ3: PX_HIGH | GK3: PX_LOW | GL3: PX_LAST | GM3: PX_SETTLE | GN3: PX_VOLUME | GO3: OPEN_INT
A4: =BDH(A$1,B$3:H$3,Settings!$B$3,IF(Settings!$B$4="","",Settings!$B$4),"Dir=V","Dts=S","Sort=A","Days=T","Fill=B") | J4: =BDH(J$1,K$3:Q$3,Settings!$B$3,IF(Settings!$B$4="","",Settings!$B$4),"Dir=V","Dts=S","Sort=A","Days=T","Fill=B") | S4: =BDH(S$1,T$3:Z$3,Settings!$B$3,IF(Settings!$B$4="","",Settings!$B$4),"Dir=V","Dts=S","Sort=A","Days=T","Fill=B") | AB4: =BDH(AB$1,AC$3:AI$3,Settings!$B$3,IF(Settings!$B$4="","",Settings!$B$4),"Dir=V","Dts=S","Sort=A","Days=T","Fill=B") | AK4: =BDH(AK$1,AL$3:AR$3,Settings!$B$3,IF(Settings!$B$4="","",Settings!$B$4),"Dir=V","Dts=S","Sort=A","Days=T","Fill=B") | AT4: =BDH(AT$1,AU$3:BA$3,Settings!$B$3,IF(Settings!$B$4="","",Settings!$B$4),"Dir=V","Dts=S","Sort=A","Days=T","Fill=B") | BC4: =BDH(BC$1,BD$3:BJ$3,Settings!$B$3,IF(Settings!$B$4="","",Settings!$B$4),"Dir=V","Dts=S","Sort=A","Days=T","Fill=B") | BL4: =BDH(BL$1,BM$3:BS$3,Settings!$B$3,IF(Settings!$B$4="","",Settings!$B$4),"Dir=V","Dts=S","Sort=A","Days=T","Fill=B") | BU4: =BDH(BU$1,BV$3:CB$3,Settings!$B$3,IF(Settings!$B$4="","",Settings!$B$4),"Dir=V","Dts=S","Sort=A","Days=T","Fill=B") | CD4: =BDH(CD$1,CE$3:CK$3,Settings!$B$3,IF(Settings!$B$4="","",Settings!$B$4),"Dir=V","Dts=S","Sort=A","Days=T","Fill=B") | CM4: =BDH(CM$1,CN$3:CT$3,Settings!$B$3,IF(Settings!$B$4="","",Settings!$B$4),"Dir=V","Dts=S","Sort=A","Days=T","Fill=B") | CV4: =BDH(CV$1,CW$3:DC$3,Settings!$B$3,IF(Settings!$B$4="","",Settings!$B$4),"Dir=V","Dts=S","Sort=A","Days=T","Fill=B") | DE4: =BDH(DE$1,DF$3:DL$3,Settings!$B$3,IF(Settings!$B$4="","",Settings!$B$4),"Dir=V","Dts=S","Sort=A","Days=T","Fill=B") | DN4: =BDH(DN$1,DO$3:DU$3,Settings!$B$3,IF(Settings!$B$4="","",Settings!$B$4),"Dir=V","Dts=S","Sort=A","Days=T","Fill=B") | DW4: =BDH(DW$1,DX$3:ED$3,Settings!$B$3,IF(Settings!$B$4="","",Settings!$B$4),"Dir=V","Dts=S","Sort=A","Days=T","Fill=B") | EF4: =BDH(EF$1,EG$3:EM$3,Settings!$B$3,IF(Settings!$B$4="","",Settings!$B$4),"Dir=V","Dts=S","Sort=A","Days=T","Fill=B") | EO4: =BDH(EO$1,EP$3:EV$3,Settings!$B$3,IF(Settings!$B$4="","",Settings!$B$4),"Dir=V","Dts=S","Sort=A","Days=T","Fill=B") | EX4: =BDH(EX$1,EY$3:FE$3,Settings!$B$3,IF(Settings!$B$4="","",Settings!$B$4),"Dir=V","Dts=S","Sort=A","Days=T","Fill=B") | FG4: =BDH(FG$1,FH$3:FN$3,Settings!$B$3,IF(Settings!$B$4="","",Settings!$B$4),"Dir=V","Dts=S","Sort=A","Days=T","Fill=B") | FP4: =BDH(FP$1,FQ$3:FW$3,Settings!$B$3,IF(Settings!$B$4="","",Settings!$B$4),"Dir=V","Dts=S","Sort=A","Days=T","Fill=B") | FY4: =BDH(FY$1,FZ$3:GF$3,Settings!$B$3,IF(Settings!$B$4="","",Settings!$B$4),"Dir=V","Dts=S","Sort=A","Days=T","Fill=B") | GH4: =BDH(GH$1,GI$3:GO$3,Settings!$B$3,IF(Settings!$B$4="","",Settings!$B$4),"Dir=V","Dts=S","Sort=A","Days=T","Fill=B")

Sheet Equities
A1: USO US Equity | H1: BNO US Equity | O1: USL US Equity | V1: DBO US Equity | AC1: UCO US Equity | AJ1: SCO US Equity | AQ1: XLE US Equity | AX1: XOP US Equity | BE1: OIH US Equity | BL1: VDE US Equity | BS1: CRAK US Equity | BZ1: XOM US Equity | CG1: CVX US Equity | CN1: COP US Equity | CU1: OXY US Equity | DB1: EOG US Equity | DI1: DVN US Equity | DP1: FANG US Equity | DW1: APA US Equity | ED1: DAL US Equity | EK1: UAL US Equity | ER1: AAL US Equity | EY1: LUV US Equity | FF1: JETS US Equity | FM1: SPY US Equity
A2: US Oil Fund (front WTI) | H2: US Brent Oil Fund | O2: US 12-Month Oil Fund | V2: Invesco DB Oil | AC2: ProShares 2x crude | AJ2: ProShares -2x crude | AQ2: Energy Select SPDR | AX2: S&P Oil & Gas E&P ETF | BE2: Oil services ETF | BL2: Vanguard energy ETF | BS2: Oil refiners ETF | BZ2: ExxonMobil | CG2: Chevron | CN2: ConocoPhillips | CU2: Occidental | DB2: EOG Resources | DI2: Devon | DP2: Diamondback | DW2: APA Corp | ED2: Delta Air Lines | EK2: United Airlines | ER2: American Airlines | EY2: Southwest | FF2: Airlines ETF | FM2: S&P 500 ETF
A3: Date | B3: PX_OPEN | C3: PX_HIGH | D3: PX_LOW | E3: PX_LAST | F3: PX_VOLUME | H3: Date | I3: PX_OPEN | J3: PX_HIGH | K3: PX_LOW | L3: PX_LAST | M3: PX_VOLUME | O3: Date | P3: PX_OPEN | Q3: PX_HIGH | R3: PX_LOW | S3: PX_LAST | T3: PX_VOLUME | V3: Date | W3: PX_OPEN | X3: PX_HIGH | Y3: PX_LOW | Z3: PX_LAST | AA3: PX_VOLUME | AC3: Date | AD3: PX_OPEN | AE3: PX_HIGH | AF3: PX_LOW | AG3: PX_LAST | AH3: PX_VOLUME | AJ3: Date | AK3: PX_OPEN | AL3: PX_HIGH | AM3: PX_LOW | AN3: PX_LAST | AO3: PX_VOLUME | AQ3: Date | AR3: PX_OPEN | AS3: PX_HIGH | AT3: PX_LOW | AU3: PX_LAST | AV3: PX_VOLUME | AX3: Date | AY3: PX_OPEN | AZ3: PX_HIGH | BA3: PX_LOW | BB3: PX_LAST | BC3: PX_VOLUME | BE3: Date | BF3: PX_OPEN | BG3: PX_HIGH | BH3: PX_LOW | BI3: PX_LAST | BJ3: PX_VOLUME | BL3: Date | BM3: PX_OPEN | BN3: PX_HIGH | BO3: PX_LOW | BP3: PX_LAST | BQ3: PX_VOLUME | BS3: Date | BT3: PX_OPEN | BU3: PX_HIGH | BV3: PX_LOW | BW3: PX_LAST | BX3: PX_VOLUME | BZ3: Date | CA3: PX_OPEN | CB3: PX_HIGH | CC3: PX_LOW | CD3: PX_LAST | CE3: PX_VOLUME | CG3: Date | CH3: PX_OPEN | CI3: PX_HIGH | CJ3: PX_LOW | CK3: PX_LAST | CL3: PX_VOLUME | CN3: Date | CO3: PX_OPEN | CP3: PX_HIGH | CQ3: PX_LOW | CR3: PX_LAST | CS3: PX_VOLUME | CU3: Date | CV3: PX_OPEN | CW3: PX_HIGH | CX3: PX_LOW | CY3: PX_LAST | CZ3: PX_VOLUME | DB3: Date | DC3: PX_OPEN | DD3: PX_HIGH | DE3: PX_LOW | DF3: PX_LAST | DG3: PX_VOLUME | DI3: Date | DJ3: PX_OPEN | DK3: PX_HIGH | DL3: PX_LOW | DM3: PX_LAST | DN3: PX_VOLUME | DP3: Date | DQ3: PX_OPEN | DR3: PX_HIGH | DS3: PX_LOW | DT3: PX_LAST | DU3: PX_VOLUME | DW3: Date | DX3: PX_OPEN | DY3: PX_HIGH | DZ3: PX_LOW | EA3: PX_LAST | EB3: PX_VOLUME | ED3: Date | EE3: PX_OPEN | EF3: PX_HIGH | EG3: PX_LOW | EH3: PX_LAST | EI3: PX_VOLUME | EK3: Date | EL3: PX_OPEN | EM3: PX_HIGH | EN3: PX_LOW | EO3: PX_LAST | EP3: PX_VOLUME | ER3: Date | ES3: PX_OPEN | ET3: PX_HIGH | EU3: PX_LOW | EV3: PX_LAST | EW3: PX_VOLUME | EY3: Date | EZ3: PX_OPEN | FA3: PX_HIGH | FB3: PX_LOW | FC3: PX_LAST | FD3: PX_VOLUME | FF3: Date | FG3: PX_OPEN | FH3: PX_HIGH | FI3: PX_LOW | FJ3: PX_LAST | FK3: PX_VOLUME | FM3: Date | FN3: PX_OPEN | FO3: PX_HIGH | FP3: PX_LOW | FQ3: PX_LAST | FR3: PX_VOLUME
A4: =BDH(A$1,B$3:F$3,Settings!$B$3,IF(Settings!$B$4="","",Settings!$B$4),"Dir=V","Dts=S","Sort=A","Days=T","Fill=B") | H4: =BDH(H$1,I$3:M$3,Settings!$B$3,IF(Settings!$B$4="","",Settings!$B$4),"Dir=V","Dts=S","Sort=A","Days=T","Fill=B") | O4: =BDH(O$1,P$3:T$3,Settings!$B$3,IF(Settings!$B$4="","",Settings!$B$4),"Dir=V","Dts=S","Sort=A","Days=T","Fill=B") | V4: =BDH(V$1,W$3:AA$3,Settings!$B$3,IF(Settings!$B$4="","",Settings!$B$4),"Dir=V","Dts=S","Sort=A","Days=T","Fill=B") | AC4: =BDH(AC$1,AD$3:AH$3,Settings!$B$3,IF(Settings!$B$4="","",Settings!$B$4),"Dir=V","Dts=S","Sort=A","Days=T","Fill=B") | AJ4: =BDH(AJ$1,AK$3:AO$3,Settings!$B$3,IF(Settings!$B$4="","",Settings!$B$4),"Dir=V","Dts=S","Sort=A","Days=T","Fill=B") | AQ4: =BDH(AQ$1,AR$3:AV$3,Settings!$B$3,IF(Settings!$B$4="","",Settings!$B$4),"Dir=V","Dts=S","Sort=A","Days=T","Fill=B") | AX4: =BDH(AX$1,AY$3:BC$3,Settings!$B$3,IF(Settings!$B$4="","",Settings!$B$4),"Dir=V","Dts=S","Sort=A","Days=T","Fill=B") | BE4: =BDH(BE$1,BF$3:BJ$3,Settings!$B$3,IF(Settings!$B$4="","",Settings!$B$4),"Dir=V","Dts=S","Sort=A","Days=T","Fill=B") | BL4: =BDH(BL$1,BM$3:BQ$3,Settings!$B$3,IF(Settings!$B$4="","",Settings!$B$4),"Dir=V","Dts=S","Sort=A","Days=T","Fill=B") | BS4: =BDH(BS$1,BT$3:BX$3,Settings!$B$3,IF(Settings!$B$4="","",Settings!$B$4),"Dir=V","Dts=S","Sort=A","Days=T","Fill=B") | BZ4: =BDH(BZ$1,CA$3:CE$3,Settings!$B$3,IF(Settings!$B$4="","",Settings!$B$4),"Dir=V","Dts=S","Sort=A","Days=T","Fill=B") | CG4: =BDH(CG$1,CH$3:CL$3,Settings!$B$3,IF(Settings!$B$4="","",Settings!$B$4),"Dir=V","Dts=S","Sort=A","Days=T","Fill=B") | CN4: =BDH(CN$1,CO$3:CS$3,Settings!$B$3,IF(Settings!$B$4="","",Settings!$B$4),"Dir=V","Dts=S","Sort=A","Days=T","Fill=B") | CU4: =BDH(CU$1,CV$3:CZ$3,Settings!$B$3,IF(Settings!$B$4="","",Settings!$B$4),"Dir=V","Dts=S","Sort=A","Days=T","Fill=B") | DB4: =BDH(DB$1,DC$3:DG$3,Settings!$B$3,IF(Settings!$B$4="","",Settings!$B$4),"Dir=V","Dts=S","Sort=A","Days=T","Fill=B") | DI4: =BDH(DI$1,DJ$3:DN$3,Settings!$B$3,IF(Settings!$B$4="","",Settings!$B$4),"Dir=V","Dts=S","Sort=A","Days=T","Fill=B") | DP4: =BDH(DP$1,DQ$3:DU$3,Settings!$B$3,IF(Settings!$B$4="","",Settings!$B$4),"Dir=V","Dts=S","Sort=A","Days=T","Fill=B") | DW4: =BDH(DW$1,DX$3:EB$3,Settings!$B$3,IF(Settings!$B$4="","",Settings!$B$4),"Dir=V","Dts=S","Sort=A","Days=T","Fill=B") | ED4: =BDH(ED$1,EE$3:EI$3,Settings!$B$3,IF(Settings!$B$4="","",Settings!$B$4),"Dir=V","Dts=S","Sort=A","Days=T","Fill=B") | EK4: =BDH(EK$1,EL$3:EP$3,Settings!$B$3,IF(Settings!$B$4="","",Settings!$B$4),"Dir=V","Dts=S","Sort=A","Days=T","Fill=B") | ER4: =BDH(ER$1,ES$3:EW$3,Settings!$B$3,IF(Settings!$B$4="","",Settings!$B$4),"Dir=V","Dts=S","Sort=A","Days=T","Fill=B") | EY4: =BDH(EY$1,EZ$3:FD$3,Settings!$B$3,IF(Settings!$B$4="","",Settings!$B$4),"Dir=V","Dts=S","Sort=A","Days=T","Fill=B") | FF4: =BDH(FF$1,FG$3:FK$3,Settings!$B$3,IF(Settings!$B$4="","",Settings!$B$4),"Dir=V","Dts=S","Sort=A","Days=T","Fill=B") | FM4: =BDH(FM$1,FN$3:FR$3,Settings!$B$3,IF(Settings!$B$4="","",Settings!$B$4),"Dir=V","Dts=S","Sort=A","Days=T","Fill=B")

Sheet Equities Unadjusted
A1: USO US Equity | D1: BNO US Equity | G1: USL US Equity | J1: DBO US Equity | M1: UCO US Equity | P1: SCO US Equity | S1: XLE US Equity | V1: XOP US Equity | Y1: OIH US Equity | AB1: VDE US Equity | AE1: CRAK US Equity | AH1: XOM US Equity | AK1: CVX US Equity | AN1: COP US Equity | AQ1: OXY US Equity | AT1: EOG US Equity | AW1: DVN US Equity | AZ1: FANG US Equity | BC1: APA US Equity | BF1: DAL US Equity | BI1: UAL US Equity | BL1: AAL US Equity | BO1: LUV US Equity | BR1: JETS US Equity | BU1: SPY US Equity
A2: US Oil Fund (front WTI) (unadjusted close) | D2: US Brent Oil Fund (unadjusted close) | G2: US 12-Month Oil Fund (unadjusted close) | J2: Invesco DB Oil (unadjusted close) | M2: ProShares 2x crude (unadjusted close) | P2: ProShares -2x crude (unadjusted close) | S2: Energy Select SPDR (unadjusted close) | V2: S&P Oil & Gas E&P ETF (unadjusted close) | Y2: Oil services ETF (unadjusted close) | AB2: Vanguard energy ETF (unadjusted close) | AE2: Oil refiners ETF (unadjusted close) | AH2: ExxonMobil (unadjusted close) | AK2: Chevron (unadjusted close) | AN2: ConocoPhillips (unadjusted close) | AQ2: Occidental (unadjusted close) | AT2: EOG Resources (unadjusted close) | AW2: Devon (unadjusted close) | AZ2: Diamondback (unadjusted close) | BC2: APA Corp (unadjusted close) | BF2: Delta Air Lines (unadjusted close) | BI2: United Airlines (unadjusted close) | BL2: American Airlines (unadjusted close) | BO2: Southwest (unadjusted close) | BR2: Airlines ETF (unadjusted close) | BU2: S&P 500 ETF (unadjusted close)
A3: Date | B3: PX_LAST | D3: Date | E3: PX_LAST | G3: Date | H3: PX_LAST | J3: Date | K3: PX_LAST | M3: Date | N3: PX_LAST | P3: Date | Q3: PX_LAST | S3: Date | T3: PX_LAST | V3: Date | W3: PX_LAST | Y3: Date | Z3: PX_LAST | AB3: Date | AC3: PX_LAST | AE3: Date | AF3: PX_LAST | AH3: Date | AI3: PX_LAST | AK3: Date | AL3: PX_LAST | AN3: Date | AO3: PX_LAST | AQ3: Date | AR3: PX_LAST | AT3: Date | AU3: PX_LAST | AW3: Date | AX3: PX_LAST | AZ3: Date | BA3: PX_LAST | BC3: Date | BD3: PX_LAST | BF3: Date | BG3: PX_LAST | BI3: Date | BJ3: PX_LAST | BL3: Date | BM3: PX_LAST | BO3: Date | BP3: PX_LAST | BR3: Date | BS3: PX_LAST | BU3: Date | BV3: PX_LAST
A4: =BDH(A$1,B$3:B$3,Settings!$B$3,IF(Settings!$B$4="","",Settings!$B$4),"Dir=V","Dts=S","Sort=A","Days=T","Fill=B","CshAdjNormal=N","CshAdjAbnormal=N","CapChg=N") | D4: =BDH(D$1,E$3:E$3,Settings!$B$3,IF(Settings!$B$4="","",Settings!$B$4),"Dir=V","Dts=S","Sort=A","Days=T","Fill=B","CshAdjNormal=N","CshAdjAbnormal=N","CapChg=N") | G4: =BDH(G$1,H$3:H$3,Settings!$B$3,IF(Settings!$B$4="","",Settings!$B$4),"Dir=V","Dts=S","Sort=A","Days=T","Fill=B","CshAdjNormal=N","CshAdjAbnormal=N","CapChg=N") | J4: =BDH(J$1,K$3:K$3,Settings!$B$3,IF(Settings!$B$4="","",Settings!$B$4),"Dir=V","Dts=S","Sort=A","Days=T","Fill=B","CshAdjNormal=N","CshAdjAbnormal=N","CapChg=N") | M4: =BDH(M$1,N$3:N$3,Settings!$B$3,IF(Settings!$B$4="","",Settings!$B$4),"Dir=V","Dts=S","Sort=A","Days=T","Fill=B","CshAdjNormal=N","CshAdjAbnormal=N","CapChg=N") | P4: =BDH(P$1,Q$3:Q$3,Settings!$B$3,IF(Settings!$B$4="","",Settings!$B$4),"Dir=V","Dts=S","Sort=A","Days=T","Fill=B","CshAdjNormal=N","CshAdjAbnormal=N","CapChg=N") | S4: =BDH(S$1,T$3:T$3,Settings!$B$3,IF(Settings!$B$4="","",Settings!$B$4),"Dir=V","Dts=S","Sort=A","Days=T","Fill=B","CshAdjNormal=N","CshAdjAbnormal=N","CapChg=N") | V4: =BDH(V$1,W$3:W$3,Settings!$B$3,IF(Settings!$B$4="","",Settings!$B$4),"Dir=V","Dts=S","Sort=A","Days=T","Fill=B","CshAdjNormal=N","CshAdjAbnormal=N","CapChg=N") | Y4: =BDH(Y$1,Z$3:Z$3,Settings!$B$3,IF(Settings!$B$4="","",Settings!$B$4),"Dir=V","Dts=S","Sort=A","Days=T","Fill=B","CshAdjNormal=N","CshAdjAbnormal=N","CapChg=N") | AB4: =BDH(AB$1,AC$3:AC$3,Settings!$B$3,IF(Settings!$B$4="","",Settings!$B$4),"Dir=V","Dts=S","Sort=A","Days=T","Fill=B","CshAdjNormal=N","CshAdjAbnormal=N","CapChg=N") | AE4: =BDH(AE$1,AF$3:AF$3,Settings!$B$3,IF(Settings!$B$4="","",Settings!$B$4),"Dir=V","Dts=S","Sort=A","Days=T","Fill=B","CshAdjNormal=N","CshAdjAbnormal=N","CapChg=N") | AH4: =BDH(AH$1,AI$3:AI$3,Settings!$B$3,IF(Settings!$B$4="","",Settings!$B$4),"Dir=V","Dts=S","Sort=A","Days=T","Fill=B","CshAdjNormal=N","CshAdjAbnormal=N","CapChg=N") | AK4: =BDH(AK$1,AL$3:AL$3,Settings!$B$3,IF(Settings!$B$4="","",Settings!$B$4),"Dir=V","Dts=S","Sort=A","Days=T","Fill=B","CshAdjNormal=N","CshAdjAbnormal=N","CapChg=N") | AN4: =BDH(AN$1,AO$3:AO$3,Settings!$B$3,IF(Settings!$B$4="","",Settings!$B$4),"Dir=V","Dts=S","Sort=A","Days=T","Fill=B","CshAdjNormal=N","CshAdjAbnormal=N","CapChg=N") | AQ4: =BDH(AQ$1,AR$3:AR$3,Settings!$B$3,IF(Settings!$B$4="","",Settings!$B$4),"Dir=V","Dts=S","Sort=A","Days=T","Fill=B","CshAdjNormal=N","CshAdjAbnormal=N","CapChg=N") | AT4: =BDH(AT$1,AU$3:AU$3,Settings!$B$3,IF(Settings!$B$4="","",Settings!$B$4),"Dir=V","Dts=S","Sort=A","Days=T","Fill=B","CshAdjNormal=N","CshAdjAbnormal=N","CapChg=N") | AW4: =BDH(AW$1,AX$3:AX$3,Settings!$B$3,IF(Settings!$B$4="","",Settings!$B$4),"Dir=V","Dts=S","Sort=A","Days=T","Fill=B","CshAdjNormal=N","CshAdjAbnormal=N","CapChg=N") | AZ4: =BDH(AZ$1,BA$3:BA$3,Settings!$B$3,IF(Settings!$B$4="","",Settings!$B$4),"Dir=V","Dts=S","Sort=A","Days=T","Fill=B","CshAdjNormal=N","CshAdjAbnormal=N","CapChg=N") | BC4: =BDH(BC$1,BD$3:BD$3,Settings!$B$3,IF(Settings!$B$4="","",Settings!$B$4),"Dir=V","Dts=S","Sort=A","Days=T","Fill=B","CshAdjNormal=N","CshAdjAbnormal=N","CapChg=N") | BF4: =BDH(BF$1,BG$3:BG$3,Settings!$B$3,IF(Settings!$B$4="","",Settings!$B$4),"Dir=V","Dts=S","Sort=A","Days=T","Fill=B","CshAdjNormal=N","CshAdjAbnormal=N","CapChg=N") | BI4: =BDH(BI$1,BJ$3:BJ$3,Settings!$B$3,IF(Settings!$B$4="","",Settings!$B$4),"Dir=V","Dts=S","Sort=A","Days=T","Fill=B","CshAdjNormal=N","CshAdjAbnormal=N","CapChg=N") | BL4: =BDH(BL$1,BM$3:BM$3,Settings!$B$3,IF(Settings!$B$4="","",Settings!$B$4),"Dir=V","Dts=S","Sort=A","Days=T","Fill=B","CshAdjNormal=N","CshAdjAbnormal=N","CapChg=N") | BO4: =BDH(BO$1,BP$3:BP$3,Settings!$B$3,IF(Settings!$B$4="","",Settings!$B$4),"Dir=V","Dts=S","Sort=A","Days=T","Fill=B","CshAdjNormal=N","CshAdjAbnormal=N","CapChg=N") | BR4: =BDH(BR$1,BS$3:BS$3,Settings!$B$3,IF(Settings!$B$4="","",Settings!$B$4),"Dir=V","Dts=S","Sort=A","Days=T","Fill=B","CshAdjNormal=N","CshAdjAbnormal=N","CapChg=N") | BU4: =BDH(BU$1,BV$3:BV$3,Settings!$B$3,IF(Settings!$B$4="","",Settings!$B$4),"Dir=V","Dts=S","Sort=A","Days=T","Fill=B","CshAdjNormal=N","CshAdjAbnormal=N","CapChg=N")

Sheet Macro
A1: OVX Index | G1: VIX Index | J1: SPX Index | M1: USGG3M Index | P1: USGG1YR Index | S1: USGG2YR Index | V1: DXY Curncy
A2: Cboe crude oil volatility index | G2: Cboe VIX | J2: S&P 500 | M2: US 3-month T-bill yield (risk-free rate) | P2: US 1-year Treasury yield | S2: US 2-year Treasury yield | V2: US dollar index
A3: Date | B3: PX_OPEN | C3: PX_HIGH | D3: PX_LOW | E3: PX_LAST | G3: Date | H3: PX_LAST | J3: Date | K3: PX_LAST | M3: Date | N3: PX_LAST | P3: Date | Q3: PX_LAST | S3: Date | T3: PX_LAST | V3: Date | W3: PX_LAST
A4: =BDH(A$1,B$3:E$3,Settings!$B$3,IF(Settings!$B$4="","",Settings!$B$4),"Dir=V","Dts=S","Sort=A","Days=T","Fill=B") | G4: =BDH(G$1,H$3:H$3,Settings!$B$3,IF(Settings!$B$4="","",Settings!$B$4),"Dir=V","Dts=S","Sort=A","Days=T","Fill=B") | J4: =BDH(J$1,K$3:K$3,Settings!$B$3,IF(Settings!$B$4="","",Settings!$B$4),"Dir=V","Dts=S","Sort=A","Days=T","Fill=B") | M4: =BDH(M$1,N$3:N$3,Settings!$B$3,IF(Settings!$B$4="","",Settings!$B$4),"Dir=V","Dts=S","Sort=A","Days=T","Fill=B") | P4: =BDH(P$1,Q$3:Q$3,Settings!$B$3,IF(Settings!$B$4="","",Settings!$B$4),"Dir=V","Dts=S","Sort=A","Days=T","Fill=B") | S4: =BDH(S$1,T$3:T$3,Settings!$B$3,IF(Settings!$B$4="","",Settings!$B$4),"Dir=V","Dts=S","Sort=A","Days=T","Fill=B") | V4: =BDH(V$1,W$3:W$3,Settings!$B$3,IF(Settings!$B$4="","",Settings!$B$4),"Dir=V","Dts=S","Sort=A","Days=T","Fill=B")
