Workbook

Sheet Checklist
A1: Bloomberg price data: paste checklist
A3: 1. On the Terminal chart (G) screen, click the orange security box, type the ticker below, press Enter.
A4: 2. Click Max (or 5Y), change '1 Min' to Daily, then click Table.
A5: 3. Click in the table, Ctrl+A, Ctrl+C. Click 'Go' below, then click the yellow cell A4 on that sheet and Ctrl+V.
A6: 4. Paste the table as it comes, headers included. Rows pasted updates by itself. Save often; upload to Claude.
A7: Start with Priority 1. Extra 1-3 sheets are for anything not on the list (type its ticker in B1 there).
A9: # | B9: Priority | C9: Group | D9: Ticker | E9: Description | F9: Sheet | G9: Rows pasted | H9: Status
A10: 1 | B10: 1 | C10: Oil futures | D10: CL1 Comdty | E10: WTI crude, generic month 1 | F10: =HYPERLINK("#'CL1 Comdty'!A4","Go") | G10: =COUNTA('CL1 Comdty'!A5:A20000) | H10: =IF(G10>0,"Done","To do")
A11: 2 | B11: 1 | C11: Oil futures | D11: CO1 Comdty | E11: Brent crude, generic month 1 | F11: =HYPERLINK("#'CO1 Comdty'!A4","Go") | G11: =COUNTA('CO1 Comdty'!A5:A20000) | H11: =IF(G11>0,"Done","To do")
A12: 3 | B12: 1 | C12: Oil stocks/ETFs | D12: USO US Equity | E12: US Oil Fund (front WTI) | F12: =HYPERLINK("#'USO US Equity'!A4","Go") | G12: =COUNTA('USO US Equity'!A5:A20000) | H12: =IF(G12>0,"Done","To do")
A13: 4 | B13: 1 | C13: Oil stocks/ETFs | D13: XLE US Equity | E13: Energy Select SPDR | F13: =HYPERLINK("#'XLE US Equity'!A4","Go") | G13: =COUNTA('XLE US Equity'!A5:A20000) | H13: =IF(G13>0,"Done","To do")
A14: 5 | B14: 1 | C14: Macro | D14: OVX Index | E14: Cboe crude oil volatility index | F14: =HYPERLINK("#'OVX Index'!A4","Go") | G14: =COUNTA('OVX Index'!A5:A20000) | H14: =IF(G14>0,"Done","To do")
A15: 6 | B15: 1 | C15: Macro | D15: VIX Index | E15: Cboe VIX | F15: =HYPERLINK("#'VIX Index'!A4","Go") | G15: =COUNTA('VIX Index'!A5:A20000) | H15: =IF(G15>0,"Done","To do")
A16: 7 | B16: 1 | C16: Macro | D16: USGG3M Index | E16: US 3-month T-bill yield (risk-free rate) | F16: =HYPERLINK("#'USGG3M Index'!A4","Go") | G16: =COUNTA('USGG3M Index'!A5:A20000) | H16: =IF(G16>0,"Done","To do")
A17: 8 | B17: 1 | C17: Yen | D17: USDJPY Curncy | E17: USD/JPY spot | F17: =HYPERLINK("#'USDJPY Curncy'!A4","Go") | G17: =COUNTA('USDJPY Curncy'!A5:A20000) | H17: =IF(G17>0,"Done","To do")
A18: 9 | B18: 1 | C18: Yen | D18: USDJPYV1M Curncy | E18: 1-month ATM implied vol | F18: =HYPERLINK("#'USDJPYV1M Curncy'!A4","Go") | G18: =COUNTA('USDJPYV1M Curncy'!A5:A20000) | H18: =IF(G18>0,"Done","To do")
A19: 10 | B19: 2 | C19: Oil futures | D19: CL2 Comdty | E19: WTI crude, generic month 2 | F19: =HYPERLINK("#'CL2 Comdty'!A4","Go") | G19: =COUNTA('CL2 Comdty'!A5:A20000) | H19: =IF(G19>0,"Done","To do")
A20: 11 | B20: 2 | C20: Oil futures | D20: CL3 Comdty | E20: WTI crude, generic month 3 | F20: =HYPERLINK("#'CL3 Comdty'!A4","Go") | G20: =COUNTA('CL3 Comdty'!A5:A20000) | H20: =IF(G20>0,"Done","To do")
A21: 12 | B21: 2 | C21: Oil futures | D21: CL4 Comdty | E21: WTI crude, generic month 4 | F21: =HYPERLINK("#'CL4 Comdty'!A4","Go") | G21: =COUNTA('CL4 Comdty'!A5:A20000) | H21: =IF(G21>0,"Done","To do")
A22: 13 | B22: 2 | C22: Oil futures | D22: CL5 Comdty | E22: WTI crude, generic month 5 | F22: =HYPERLINK("#'CL5 Comdty'!A4","Go") | G22: =COUNTA('CL5 Comdty'!A5:A20000) | H22: =IF(G22>0,"Done","To do")
A23: 14 | B23: 2 | C23: Oil futures | D23: CL6 Comdty | E23: WTI crude, generic month 6 | F23: =HYPERLINK("#'CL6 Comdty'!A4","Go") | G23: =COUNTA('CL6 Comdty'!A5:A20000) | H23: =IF(G23>0,"Done","To do")
A24: 15 | B24: 2 | C24: Oil futures | D24: CL7 Comdty | E24: WTI crude, generic month 7 | F24: =HYPERLINK("#'CL7 Comdty'!A4","Go") | G24: =COUNTA('CL7 Comdty'!A5:A20000) | H24: =IF(G24>0,"Done","To do")
A25: 16 | B25: 2 | C25: Oil futures | D25: CL8 Comdty | E25: WTI crude, generic month 8 | F25: =HYPERLINK("#'CL8 Comdty'!A4","Go") | G25: =COUNTA('CL8 Comdty'!A5:A20000) | H25: =IF(G25>0,"Done","To do")
A26: 17 | B26: 2 | C26: Oil futures | D26: CL9 Comdty | E26: WTI crude, generic month 9 | F26: =HYPERLINK("#'CL9 Comdty'!A4","Go") | G26: =COUNTA('CL9 Comdty'!A5:A20000) | H26: =IF(G26>0,"Done","To do")
A27: 18 | B27: 2 | C27: Oil futures | D27: CL10 Comdty | E27: WTI crude, generic month 10 | F27: =HYPERLINK("#'CL10 Comdty'!A4","Go") | G27: =COUNTA('CL10 Comdty'!A5:A20000) | H27: =IF(G27>0,"Done","To do")
A28: 19 | B28: 2 | C28: Oil futures | D28: CL11 Comdty | E28: WTI crude, generic month 11 | F28: =HYPERLINK("#'CL11 Comdty'!A4","Go") | G28: =COUNTA('CL11 Comdty'!A5:A20000) | H28: =IF(G28>0,"Done","To do")
A29: 20 | B29: 2 | C29: Oil futures | D29: CL12 Comdty | E29: WTI crude, generic month 12 | F29: =HYPERLINK("#'CL12 Comdty'!A4","Go") | G29: =COUNTA('CL12 Comdty'!A5:A20000) | H29: =IF(G29>0,"Done","To do")
A30: 21 | B30: 2 | C30: Oil futures | D30: CO2 Comdty | E30: Brent crude, generic month 2 | F30: =HYPERLINK("#'CO2 Comdty'!A4","Go") | G30: =COUNTA('CO2 Comdty'!A5:A20000) | H30: =IF(G30>0,"Done","To do")
A31: 22 | B31: 2 | C31: Oil futures | D31: CO3 Comdty | E31: Brent crude, generic month 3 | F31: =HYPERLINK("#'CO3 Comdty'!A4","Go") | G31: =COUNTA('CO3 Comdty'!A5:A20000) | H31: =IF(G31>0,"Done","To do")
A32: 23 | B32: 2 | C32: Oil futures | D32: CO4 Comdty | E32: Brent crude, generic month 4 | F32: =HYPERLINK("#'CO4 Comdty'!A4","Go") | G32: =COUNTA('CO4 Comdty'!A5:A20000) | H32: =IF(G32>0,"Done","To do")
A33: 24 | B33: 2 | C33: Oil futures | D33: CO5 Comdty | E33: Brent crude, generic month 5 | F33: =HYPERLINK("#'CO5 Comdty'!A4","Go") | G33: =COUNTA('CO5 Comdty'!A5:A20000) | H33: =IF(G33>0,"Done","To do")
A34: 25 | B34: 2 | C34: Oil futures | D34: CO6 Comdty | E34: Brent crude, generic month 6 | F34: =HYPERLINK("#'CO6 Comdty'!A4","Go") | G34: =COUNTA('CO6 Comdty'!A5:A20000) | H34: =IF(G34>0,"Done","To do")
A35: 26 | B35: 2 | C35: Oil futures | D35: HO1 Comdty | E35: NY Harbor ULSD (heating oil), front | F35: =HYPERLINK("#'HO1 Comdty'!A4","Go") | G35: =COUNTA('HO1 Comdty'!A5:A20000) | H35: =IF(G35>0,"Done","To do")
A36: 27 | B36: 2 | C36: Oil futures | D36: XB1 Comdty | E36: RBOB gasoline, front | F36: =HYPERLINK("#'XB1 Comdty'!A4","Go") | G36: =COUNTA('XB1 Comdty'!A5:A20000) | H36: =IF(G36>0,"Done","To do")
A37: 28 | B37: 2 | C37: Oil futures | D37: QM1 Comdty | E37: E-mini WTI, front | F37: =HYPERLINK("#'QM1 Comdty'!A4","Go") | G37: =COUNTA('QM1 Comdty'!A5:A20000) | H37: =IF(G37>0,"Done","To do")
A38: 29 | B38: 2 | C38: Oil futures | D38: NG1 Comdty | E38: Henry Hub natural gas, front | F38: =HYPERLINK("#'NG1 Comdty'!A4","Go") | G38: =COUNTA('NG1 Comdty'!A5:A20000) | H38: =IF(G38>0,"Done","To do")
A39: 30 | B39: 2 | C39: Oil stocks/ETFs | D39: BNO US Equity | E39: US Brent Oil Fund | F39: =HYPERLINK("#'BNO US Equity'!A4","Go") | G39: =COUNTA('BNO US Equity'!A5:A20000) | H39: =IF(G39>0,"Done","To do")
A40: 31 | B40: 2 | C40: Oil stocks/ETFs | D40: USL US Equity | E40: US 12-Month Oil Fund | F40: =HYPERLINK("#'USL US Equity'!A4","Go") | G40: =COUNTA('USL US Equity'!A5:A20000) | H40: =IF(G40>0,"Done","To do")
A41: 32 | B41: 2 | C41: Oil stocks/ETFs | D41: DBO US Equity | E41: Invesco DB Oil | F41: =HYPERLINK("#'DBO US Equity'!A4","Go") | G41: =COUNTA('DBO US Equity'!A5:A20000) | H41: =IF(G41>0,"Done","To do")
A42: 33 | B42: 2 | C42: Oil stocks/ETFs | D42: UCO US Equity | E42: ProShares 2x crude | F42: =HYPERLINK("#'UCO US Equity'!A4","Go") | G42: =COUNTA('UCO US Equity'!A5:A20000) | H42: =IF(G42>0,"Done","To do")
A43: 34 | B43: 2 | C43: Oil stocks/ETFs | D43: SCO US Equity | E43: ProShares -2x crude | F43: =HYPERLINK("#'SCO US Equity'!A4","Go") | G43: =COUNTA('SCO US Equity'!A5:A20000) | H43: =IF(G43>0,"Done","To do")
A44: 35 | B44: 2 | C44: Oil stocks/ETFs | D44: XOP US Equity | E44: S&P Oil & Gas E&P ETF | F44: =HYPERLINK("#'XOP US Equity'!A4","Go") | G44: =COUNTA('XOP US Equity'!A5:A20000) | H44: =IF(G44>0,"Done","To do")
A45: 36 | B45: 2 | C45: Oil stocks/ETFs | D45: OIH US Equity | E45: Oil services ETF | F45: =HYPERLINK("#'OIH US Equity'!A4","Go") | G45: =COUNTA('OIH US Equity'!A5:A20000) | H45: =IF(G45>0,"Done","To do")
A46: 37 | B46: 2 | C46: Oil stocks/ETFs | D46: VDE US Equity | E46: Vanguard energy ETF | F46: =HYPERLINK("#'VDE US Equity'!A4","Go") | G46: =COUNTA('VDE US Equity'!A5:A20000) | H46: =IF(G46>0,"Done","To do")
A47: 38 | B47: 2 | C47: Oil stocks/ETFs | D47: CRAK US Equity | E47: Oil refiners ETF | F47: =HYPERLINK("#'CRAK US Equity'!A4","Go") | G47: =COUNTA('CRAK US Equity'!A5:A20000) | H47: =IF(G47>0,"Done","To do")
A48: 39 | B48: 2 | C48: Oil stocks/ETFs | D48: XOM US Equity | E48: ExxonMobil | F48: =HYPERLINK("#'XOM US Equity'!A4","Go") | G48: =COUNTA('XOM US Equity'!A5:A20000) | H48: =IF(G48>0,"Done","To do")
A49: 40 | B49: 2 | C49: Oil stocks/ETFs | D49: CVX US Equity | E49: Chevron | F49: =HYPERLINK("#'CVX US Equity'!A4","Go") | G49: =COUNTA('CVX US Equity'!A5:A20000) | H49: =IF(G49>0,"Done","To do")
A50: 41 | B50: 2 | C50: Oil stocks/ETFs | D50: COP US Equity | E50: ConocoPhillips | F50: =HYPERLINK("#'COP US Equity'!A4","Go") | G50: =COUNTA('COP US Equity'!A5:A20000) | H50: =IF(G50>0,"Done","To do")
A51: 42 | B51: 2 | C51: Oil stocks/ETFs | D51: OXY US Equity | E51: Occidental | F51: =HYPERLINK("#'OXY US Equity'!A4","Go") | G51: =COUNTA('OXY US Equity'!A5:A20000) | H51: =IF(G51>0,"Done","To do")
A52: 43 | B52: 2 | C52: Oil stocks/ETFs | D52: EOG US Equity | E52: EOG Resources | F52: =HYPERLINK("#'EOG US Equity'!A4","Go") | G52: =COUNTA('EOG US Equity'!A5:A20000) | H52: =IF(G52>0,"Done","To do")
A53: 44 | B53: 2 | C53: Oil stocks/ETFs | D53: DVN US Equity | E53: Devon | F53: =HYPERLINK("#'DVN US Equity'!A4","Go") | G53: =COUNTA('DVN US Equity'!A5:A20000) | H53: =IF(G53>0,"Done","To do")
A54: 45 | B54: 2 | C54: Oil stocks/ETFs | D54: FANG US Equity | E54: Diamondback | F54: =HYPERLINK("#'FANG US Equity'!A4","Go") | G54: =COUNTA('FANG US Equity'!A5:A20000) | H54: =IF(G54>0,"Done","To do")
A55: 46 | B55: 2 | C55: Oil stocks/ETFs | D55: APA US Equity | E55: APA Corp | F55: =HYPERLINK("#'APA US Equity'!A4","Go") | G55: =COUNTA('APA US Equity'!A5:A20000) | H55: =IF(G55>0,"Done","To do")
A56: 47 | B56: 2 | C56: Oil stocks/ETFs | D56: DAL US Equity | E56: Delta Air Lines | F56: =HYPERLINK("#'DAL US Equity'!A4","Go") | G56: =COUNTA('DAL US Equity'!A5:A20000) | H56: =IF(G56>0,"Done","To do")
A57: 48 | B57: 2 | C57: Oil stocks/ETFs | D57: UAL US Equity | E57: United Airlines | F57: =HYPERLINK("#'UAL US Equity'!A4","Go") | G57: =COUNTA('UAL US Equity'!A5:A20000) | H57: =IF(G57>0,"Done","To do")
A58: 49 | B58: 2 | C58: Oil stocks/ETFs | D58: AAL US Equity | E58: American Airlines | F58: =HYPERLINK("#'AAL US Equity'!A4","Go") | G58: =COUNTA('AAL US Equity'!A5:A20000) | H58: =IF(G58>0,"Done","To do")
A59: 50 | B59: 2 | C59: Oil stocks/ETFs | D59: LUV US Equity | E59: Southwest | F59: =HYPERLINK("#'LUV US Equity'!A4","Go") | G59: =COUNTA('LUV US Equity'!A5:A20000) | H59: =IF(G59>0,"Done","To do")
A60: 51 | B60: 2 | C60: Oil stocks/ETFs | D60: JETS US Equity | E60: Airlines ETF | F60: =HYPERLINK("#'JETS US Equity'!A4","Go") | G60: =COUNTA('JETS US Equity'!A5:A20000) | H60: =IF(G60>0,"Done","To do")
A61: 52 | B61: 2 | C61: Oil stocks/ETFs | D61: SPY US Equity | E61: S&P 500 ETF | F61: =HYPERLINK("#'SPY US Equity'!A4","Go") | G61: =COUNTA('SPY US Equity'!A5:A20000) | H61: =IF(G61>0,"Done","To do")
A62: 53 | B62: 2 | C62: Macro | D62: SPX Index | E62: S&P 500 | F62: =HYPERLINK("#'SPX Index'!A4","Go") | G62: =COUNTA('SPX Index'!A5:A20000) | H62: =IF(G62>0,"Done","To do")
A63: 54 | B63: 2 | C63: Macro | D63: USGG1YR Index | E63: US 1-year Treasury yield | F63: =HYPERLINK("#'USGG1YR Index'!A4","Go") | G63: =COUNTA('USGG1YR Index'!A5:A20000) | H63: =IF(G63>0,"Done","To do")
A64: 55 | B64: 2 | C64: Macro | D64: USGG2YR Index | E64: US 2-year Treasury yield | F64: =HYPERLINK("#'USGG2YR Index'!A4","Go") | G64: =COUNTA('USGG2YR Index'!A5:A20000) | H64: =IF(G64>0,"Done","To do")
A65: 56 | B65: 2 | C65: Macro | D65: DXY Curncy | E65: US dollar index | F65: =HYPERLINK("#'DXY Curncy'!A4","Go") | G65: =COUNTA('DXY Curncy'!A5:A20000) | H65: =IF(G65>0,"Done","To do")
A66: 57 | B66: 2 | C66: Yen | D66: USDJPYV1W Curncy | E66: 1-week ATM implied vol | F66: =HYPERLINK("#'USDJPYV1W Curncy'!A4","Go") | G66: =COUNTA('USDJPYV1W Curncy'!A5:A20000) | H66: =IF(G66>0,"Done","To do")
A67: 58 | B67: 2 | C67: Yen | D67: USDJPYV3M Curncy | E67: 3-month ATM implied vol | F67: =HYPERLINK("#'USDJPYV3M Curncy'!A4","Go") | G67: =COUNTA('USDJPYV3M Curncy'!A5:A20000) | H67: =IF(G67>0,"Done","To do")
A68: 59 | B68: 2 | C68: Yen | D68: USDJPY25R1M Curncy | E68: 1-month 25-delta risk reversal | F68: =HYPERLINK("#'USDJPY25R1M Curncy'!A4","Go") | G68: =COUNTA('USDJPY25R1M Curncy'!A5:A20000) | H68: =IF(G68>0,"Done","To do")
A69: 60 | B69: 2 | C69: Yen | D69: USDJPY25B1M Curncy | E69: 1-month 25-delta butterfly | F69: =HYPERLINK("#'USDJPY25B1M Curncy'!A4","Go") | G69: =COUNTA('USDJPY25B1M Curncy'!A5:A20000) | H69: =IF(G69>0,"Done","To do")
A70: 61 | B70: 2 | C70: Yen | D70: USDJPY10R1M Curncy | E70: 1-month 10-delta risk reversal | F70: =HYPERLINK("#'USDJPY10R1M Curncy'!A4","Go") | G70: =COUNTA('USDJPY10R1M Curncy'!A5:A20000) | H70: =IF(G70>0,"Done","To do")
A71: 62 | B71: 2 | C71: Yen | D71: USDJPY10B1M Curncy | E71: 1-month 10-delta butterfly | F71: =HYPERLINK("#'USDJPY10B1M Curncy'!A4","Go") | G71: =COUNTA('USDJPY10B1M Curncy'!A5:A20000) | H71: =IF(G71>0,"Done","To do")
A72: 63 | B72: 2 | C72: Yen | D72: JPY1M Curncy | E72: 1-month forward points | F72: =HYPERLINK("#'JPY1M Curncy'!A4","Go") | G72: =COUNTA('JPY1M Curncy'!A5:A20000) | H72: =IF(G72>0,"Done","To do")
A73: 64 | B73: 2 | C73: Yen | D73: USDJPYV2W Curncy | E73: 2-week ATM implied vol | F73: =HYPERLINK("#'USDJPYV2W Curncy'!A4","Go") | G73: =COUNTA('USDJPYV2W Curncy'!A5:A20000) | H73: =IF(G73>0,"Done","To do")
A74: 65 | B74: 2 | C74: Yen | D74: USDJPYV2M Curncy | E74: 2-month ATM implied vol | F74: =HYPERLINK("#'USDJPYV2M Curncy'!A4","Go") | G74: =COUNTA('USDJPYV2M Curncy'!A5:A20000) | H74: =IF(G74>0,"Done","To do")
A75: 66 | B75: 2 | C75: Yen | D75: USDJPYV6M Curncy | E75: 6-month ATM implied vol | F75: =HYPERLINK("#'USDJPYV6M Curncy'!A4","Go") | G75: =COUNTA('USDJPYV6M Curncy'!A5:A20000) | H75: =IF(G75>0,"Done","To do")
A76: 67 | B76: 2 | C76: Yen | D76: USDJPYV1Y Curncy | E76: 1-year ATM implied vol | F76: =HYPERLINK("#'USDJPYV1Y Curncy'!A4","Go") | G76: =COUNTA('USDJPYV1Y Curncy'!A5:A20000) | H76: =IF(G76>0,"Done","To do")
A77: 68 | B77: 2 | C77: Yen | D77: USDJPY25R1W Curncy | E77: 1-week 25-delta risk reversal | F77: =HYPERLINK("#'USDJPY25R1W Curncy'!A4","Go") | G77: =COUNTA('USDJPY25R1W Curncy'!A5:A20000) | H77: =IF(G77>0,"Done","To do")
A78: 69 | B78: 2 | C78: Yen | D78: USDJPY25R3M Curncy | E78: 3-month 25-delta risk reversal | F78: =HYPERLINK("#'USDJPY25R3M Curncy'!A4","Go") | G78: =COUNTA('USDJPY25R3M Curncy'!A5:A20000) | H78: =IF(G78>0,"Done","To do")
A79: 70 | B79: 2 | C79: Yen | D79: USDJPY25B3M Curncy | E79: 3-month 25-delta butterfly | F79: =HYPERLINK("#'USDJPY25B3M Curncy'!A4","Go") | G79: =COUNTA('USDJPY25B3M Curncy'!A5:A20000) | H79: =IF(G79>0,"Done","To do")
A80: 71 | B80: 2 | C80: Yen | D80: JPY1W Curncy | E80: 1-week forward points | F80: =HYPERLINK("#'JPY1W Curncy'!A4","Go") | G80: =COUNTA('JPY1W Curncy'!A5:A20000) | H80: =IF(G80>0,"Done","To do")
A81: 72 | B81: 2 | C81: Yen | D81: JPY3M Curncy | E81: 3-month forward points | F81: =HYPERLINK("#'JPY3M Curncy'!A4","Go") | G81: =COUNTA('JPY3M Curncy'!A5:A20000) | H81: =IF(G81>0,"Done","To do")
A82: 73 | B82: 2 | C82: Yen | D82: JY1 Curncy | E82: CME yen futures, front | F82: =HYPERLINK("#'JY1 Curncy'!A4","Go") | G82: =COUNTA('JY1 Curncy'!A5:A20000) | H82: =IF(G82>0,"Done","To do")
A83: 74 | B83: 2 | C83: Yen | D83: JY2 Curncy | E83: CME yen futures, second | F83: =HYPERLINK("#'JY2 Curncy'!A4","Go") | G83: =COUNTA('JY2 Curncy'!A5:A20000) | H83: =IF(G83>0,"Done","To do")
A84: 75 | B84: 2 | C84: Yen | D84: USGG10YR Index | E84: US 10-year Treasury yield | F84: =HYPERLINK("#'USGG10YR Index'!A4","Go") | G84: =COUNTA('USGG10YR Index'!A5:A20000) | H84: =IF(G84>0,"Done","To do")
A85: 76 | B85: 2 | C85: Yen | D85: GTJPY2Y Govt | E85: Japan 2-year JGB yield | F85: =HYPERLINK("#'GTJPY2Y Govt'!A4","Go") | G85: =COUNTA('GTJPY2Y Govt'!A5:A20000) | H85: =IF(G85>0,"Done","To do")
A86: 77 | B86: 2 | C86: Yen | D86: GTJPY10Y Govt | E86: Japan 10-year JGB yield | F86: =HYPERLINK("#'GTJPY10Y Govt'!A4","Go") | G86: =COUNTA('GTJPY10Y Govt'!A5:A20000) | H86: =IF(G86>0,"Done","To do")
A87: 78 | B87: 2 | C87: Extra | D87: =IF('Extra 1'!B1="","",'Extra 1'!B1) | E87: Extra 1 | F87: =HYPERLINK("#'Extra 1'!A4","Go") | G87: =COUNTA('Extra 1'!A5:A20000) | H87: =IF(G87>0,"Done","To do")
A88: 79 | B88: 2 | C88: Extra | D88: =IF('Extra 2'!B1="","",'Extra 2'!B1) | E88: Extra 2 | F88: =HYPERLINK("#'Extra 2'!A4","Go") | G88: =COUNTA('Extra 2'!A5:A20000) | H88: =IF(G88>0,"Done","To do")
A89: 80 | B89: 2 | C89: Extra | D89: =IF('Extra 3'!B1="","",'Extra 3'!B1) | E89: Extra 3 | F89: =HYPERLINK("#'Extra 3'!A4","Go") | G89: =COUNTA('Extra 3'!A5:A20000) | H89: =IF(G89>0,"Done","To do")
A91: Done so far: | C91: =COUNTIF(H10:H89,"Done")&" of "&COUNTA(A10:A89)

Sheet CL1 Comdty
A1: Ticker: | B1: CL1 Comdty | C1: WTI crude, generic month 1
A2: Click the yellow cell A4 and press Ctrl+V to paste the Bloomberg table (headers included).
A3: Paste below

Sheet CO1 Comdty
A1: Ticker: | B1: CO1 Comdty | C1: Brent crude, generic month 1
A2: Click the yellow cell A4 and press Ctrl+V to paste the Bloomberg table (headers included).
A3: Paste below

Sheet USO US Equity
A1: Ticker: | B1: USO US Equity | C1: US Oil Fund (front WTI)
A2: Click the yellow cell A4 and press Ctrl+V to paste the Bloomberg table (headers included).
A3: Paste below

Sheet XLE US Equity
A1: Ticker: | B1: XLE US Equity | C1: Energy Select SPDR
A2: Click the yellow cell A4 and press Ctrl+V to paste the Bloomberg table (headers included).
A3: Paste below

Sheet OVX Index
A1: Ticker: | B1: OVX Index | C1: Cboe crude oil volatility index
A2: Click the yellow cell A4 and press Ctrl+V to paste the Bloomberg table (headers included).
A3: Paste below

Sheet VIX Index
A1: Ticker: | B1: VIX Index | C1: Cboe VIX
A2: Click the yellow cell A4 and press Ctrl+V to paste the Bloomberg table (headers included).
A3: Paste below

Sheet USGG3M Index
A1: Ticker: | B1: USGG3M Index | C1: US 3-month T-bill yield (risk-free rate)
A2: Click the yellow cell A4 and press Ctrl+V to paste the Bloomberg table (headers included).
A3: Paste below

Sheet USDJPY Curncy
A1: Ticker: | B1: USDJPY Curncy | C1: USD/JPY spot
A2: Click the yellow cell A4 and press Ctrl+V to paste the Bloomberg table (headers included).
A3: Paste below

Sheet USDJPYV1M Curncy
A1: Ticker: | B1: USDJPYV1M Curncy | C1: 1-month ATM implied vol
A2: Click the yellow cell A4 and press Ctrl+V to paste the Bloomberg table (headers included).
A3: Paste below

Sheet CL2 Comdty
A1: Ticker: | B1: CL2 Comdty | C1: WTI crude, generic month 2
A2: Click the yellow cell A4 and press Ctrl+V to paste the Bloomberg table (headers included).
A3: Paste below

Sheet CL3 Comdty
A1: Ticker: | B1: CL3 Comdty | C1: WTI crude, generic month 3
A2: Click the yellow cell A4 and press Ctrl+V to paste the Bloomberg table (headers included).
A3: Paste below

Sheet CL4 Comdty
A1: Ticker: | B1: CL4 Comdty | C1: WTI crude, generic month 4
A2: Click the yellow cell A4 and press Ctrl+V to paste the Bloomberg table (headers included).
A3: Paste below

Sheet CL5 Comdty
A1: Ticker: | B1: CL5 Comdty | C1: WTI crude, generic month 5
A2: Click the yellow cell A4 and press Ctrl+V to paste the Bloomberg table (headers included).
A3: Paste below

Sheet CL6 Comdty
A1: Ticker: | B1: CL6 Comdty | C1: WTI crude, generic month 6
A2: Click the yellow cell A4 and press Ctrl+V to paste the Bloomberg table (headers included).
A3: Paste below

Sheet CL7 Comdty
A1: Ticker: | B1: CL7 Comdty | C1: WTI crude, generic month 7
A2: Click the yellow cell A4 and press Ctrl+V to paste the Bloomberg table (headers included).
A3: Paste below

Sheet CL8 Comdty
A1: Ticker: | B1: CL8 Comdty | C1: WTI crude, generic month 8
A2: Click the yellow cell A4 and press Ctrl+V to paste the Bloomberg table (headers included).
A3: Paste below

Sheet CL9 Comdty
A1: Ticker: | B1: CL9 Comdty | C1: WTI crude, generic month 9
A2: Click the yellow cell A4 and press Ctrl+V to paste the Bloomberg table (headers included).
A3: Paste below

Sheet CL10 Comdty
A1: Ticker: | B1: CL10 Comdty | C1: WTI crude, generic month 10
A2: Click the yellow cell A4 and press Ctrl+V to paste the Bloomberg table (headers included).
A3: Paste below

Sheet CL11 Comdty
A1: Ticker: | B1: CL11 Comdty | C1: WTI crude, generic month 11
A2: Click the yellow cell A4 and press Ctrl+V to paste the Bloomberg table (headers included).
A3: Paste below

Sheet CL12 Comdty
A1: Ticker: | B1: CL12 Comdty | C1: WTI crude, generic month 12
A2: Click the yellow cell A4 and press Ctrl+V to paste the Bloomberg table (headers included).
A3: Paste below

Sheet CO2 Comdty
A1: Ticker: | B1: CO2 Comdty | C1: Brent crude, generic month 2
A2: Click the yellow cell A4 and press Ctrl+V to paste the Bloomberg table (headers included).
A3: Paste below

Sheet CO3 Comdty
A1: Ticker: | B1: CO3 Comdty | C1: Brent crude, generic month 3
A2: Click the yellow cell A4 and press Ctrl+V to paste the Bloomberg table (headers included).
A3: Paste below

Sheet CO4 Comdty
A1: Ticker: | B1: CO4 Comdty | C1: Brent crude, generic month 4
A2: Click the yellow cell A4 and press Ctrl+V to paste the Bloomberg table (headers included).
A3: Paste below

Sheet CO5 Comdty
A1: Ticker: | B1: CO5 Comdty | C1: Brent crude, generic month 5
A2: Click the yellow cell A4 and press Ctrl+V to paste the Bloomberg table (headers included).
A3: Paste below

Sheet CO6 Comdty
A1: Ticker: | B1: CO6 Comdty | C1: Brent crude, generic month 6
A2: Click the yellow cell A4 and press Ctrl+V to paste the Bloomberg table (headers included).
A3: Paste below

Sheet HO1 Comdty
A1: Ticker: | B1: HO1 Comdty | C1: NY Harbor ULSD (heating oil), front
A2: Click the yellow cell A4 and press Ctrl+V to paste the Bloomberg table (headers included).
A3: Paste below

Sheet XB1 Comdty
A1: Ticker: | B1: XB1 Comdty | C1: RBOB gasoline, front
A2: Click the yellow cell A4 and press Ctrl+V to paste the Bloomberg table (headers included).
A3: Paste below

Sheet QM1 Comdty
A1: Ticker: | B1: QM1 Comdty | C1: E-mini WTI, front
A2: Click the yellow cell A4 and press Ctrl+V to paste the Bloomberg table (headers included).
A3: Paste below

Sheet NG1 Comdty
A1: Ticker: | B1: NG1 Comdty | C1: Henry Hub natural gas, front
A2: Click the yellow cell A4 and press Ctrl+V to paste the Bloomberg table (headers included).
A3: Paste below

Sheet BNO US Equity
A1: Ticker: | B1: BNO US Equity | C1: US Brent Oil Fund
A2: Click the yellow cell A4 and press Ctrl+V to paste the Bloomberg table (headers included).
A3: Paste below

Sheet USL US Equity
A1: Ticker: | B1: USL US Equity | C1: US 12-Month Oil Fund
A2: Click the yellow cell A4 and press Ctrl+V to paste the Bloomberg table (headers included).
A3: Paste below

Sheet DBO US Equity
A1: Ticker: | B1: DBO US Equity | C1: Invesco DB Oil
A2: Click the yellow cell A4 and press Ctrl+V to paste the Bloomberg table (headers included).
A3: Paste below

Sheet UCO US Equity
A1: Ticker: | B1: UCO US Equity | C1: ProShares 2x crude
A2: Click the yellow cell A4 and press Ctrl+V to paste the Bloomberg table (headers included).
A3: Paste below

Sheet SCO US Equity
A1: Ticker: | B1: SCO US Equity | C1: ProShares -2x crude
A2: Click the yellow cell A4 and press Ctrl+V to paste the Bloomberg table (headers included).
A3: Paste below

Sheet XOP US Equity
A1: Ticker: | B1: XOP US Equity | C1: S&P Oil & Gas E&P ETF
A2: Click the yellow cell A4 and press Ctrl+V to paste the Bloomberg table (headers included).
A3: Paste below

Sheet OIH US Equity
A1: Ticker: | B1: OIH US Equity | C1: Oil services ETF
A2: Click the yellow cell A4 and press Ctrl+V to paste the Bloomberg table (headers included).
A3: Paste below

Sheet VDE US Equity
A1: Ticker: | B1: VDE US Equity | C1: Vanguard energy ETF
A2: Click the yellow cell A4 and press Ctrl+V to paste the Bloomberg table (headers included).
A3: Paste below

Sheet CRAK US Equity
A1: Ticker: | B1: CRAK US Equity | C1: Oil refiners ETF
A2: Click the yellow cell A4 and press Ctrl+V to paste the Bloomberg table (headers included).
A3: Paste below

Sheet XOM US Equity
A1: Ticker: | B1: XOM US Equity | C1: ExxonMobil
A2: Click the yellow cell A4 and press Ctrl+V to paste the Bloomberg table (headers included).
A3: Paste below

Sheet CVX US Equity
A1: Ticker: | B1: CVX US Equity | C1: Chevron
A2: Click the yellow cell A4 and press Ctrl+V to paste the Bloomberg table (headers included).
A3: Paste below

Sheet COP US Equity
A1: Ticker: | B1: COP US Equity | C1: ConocoPhillips
A2: Click the yellow cell A4 and press Ctrl+V to paste the Bloomberg table (headers included).
A3: Paste below

Sheet OXY US Equity
A1: Ticker: | B1: OXY US Equity | C1: Occidental
A2: Click the yellow cell A4 and press Ctrl+V to paste the Bloomberg table (headers included).
A3: Paste below

Sheet EOG US Equity
A1: Ticker: | B1: EOG US Equity | C1: EOG Resources
A2: Click the yellow cell A4 and press Ctrl+V to paste the Bloomberg table (headers included).
A3: Paste below

Sheet DVN US Equity
A1: Ticker: | B1: DVN US Equity | C1: Devon
A2: Click the yellow cell A4 and press Ctrl+V to paste the Bloomberg table (headers included).
A3: Paste below

Sheet FANG US Equity
A1: Ticker: | B1: FANG US Equity | C1: Diamondback
A2: Click the yellow cell A4 and press Ctrl+V to paste the Bloomberg table (headers included).
A3: Paste below

Sheet APA US Equity
A1: Ticker: | B1: APA US Equity | C1: APA Corp
A2: Click the yellow cell A4 and press Ctrl+V to paste the Bloomberg table (headers included).
A3: Paste below

Sheet DAL US Equity
A1: Ticker: | B1: DAL US Equity | C1: Delta Air Lines
A2: Click the yellow cell A4 and press Ctrl+V to paste the Bloomberg table (headers included).
A3: Paste below

Sheet UAL US Equity
A1: Ticker: | B1: UAL US Equity | C1: United Airlines
A2: Click the yellow cell A4 and press Ctrl+V to paste the Bloomberg table (headers included).
A3: Paste below

Sheet AAL US Equity
A1: Ticker: | B1: AAL US Equity | C1: American Airlines
A2: Click the yellow cell A4 and press Ctrl+V to paste the Bloomberg table (headers included).
A3: Paste below

Sheet LUV US Equity
A1: Ticker: | B1: LUV US Equity | C1: Southwest
A2: Click the yellow cell A4 and press Ctrl+V to paste the Bloomberg table (headers included).
A3: Paste below

Sheet JETS US Equity
A1: Ticker: | B1: JETS US Equity | C1: Airlines ETF
A2: Click the yellow cell A4 and press Ctrl+V to paste the Bloomberg table (headers included).
A3: Paste below

Sheet SPY US Equity
A1: Ticker: | B1: SPY US Equity | C1: S&P 500 ETF
A2: Click the yellow cell A4 and press Ctrl+V to paste the Bloomberg table (headers included).
A3: Paste below

Sheet SPX Index
A1: Ticker: | B1: SPX Index | C1: S&P 500
A2: Click the yellow cell A4 and press Ctrl+V to paste the Bloomberg table (headers included).
A3: Paste below

Sheet USGG1YR Index
A1: Ticker: | B1: USGG1YR Index | C1: US 1-year Treasury yield
A2: Click the yellow cell A4 and press Ctrl+V to paste the Bloomberg table (headers included).
A3: Paste below

Sheet USGG2YR Index
A1: Ticker: | B1: USGG2YR Index | C1: US 2-year Treasury yield
A2: Click the yellow cell A4 and press Ctrl+V to paste the Bloomberg table (headers included).
A3: Paste below

Sheet DXY Curncy
A1: Ticker: | B1: DXY Curncy | C1: US dollar index
A2: Click the yellow cell A4 and press Ctrl+V to paste the Bloomberg table (headers included).
A3: Paste below

Sheet USDJPYV1W Curncy
A1: Ticker: | B1: USDJPYV1W Curncy | C1: 1-week ATM implied vol
A2: Click the yellow cell A4 and press Ctrl+V to paste the Bloomberg table (headers included).
A3: Paste below

Sheet USDJPYV3M Curncy
A1: Ticker: | B1: USDJPYV3M Curncy | C1: 3-month ATM implied vol
A2: Click the yellow cell A4 and press Ctrl+V to paste the Bloomberg table (headers included).
A3: Paste below

Sheet USDJPY25R1M Curncy
A1: Ticker: | B1: USDJPY25R1M Curncy | C1: 1-month 25-delta risk reversal
A2: Click the yellow cell A4 and press Ctrl+V to paste the Bloomberg table (headers included).
A3: Paste below

Sheet USDJPY25B1M Curncy
A1: Ticker: | B1: USDJPY25B1M Curncy | C1: 1-month 25-delta butterfly
A2: Click the yellow cell A4 and press Ctrl+V to paste the Bloomberg table (headers included).
A3: Paste below

Sheet USDJPY10R1M Curncy
A1: Ticker: | B1: USDJPY10R1M Curncy | C1: 1-month 10-delta risk reversal
A2: Click the yellow cell A4 and press Ctrl+V to paste the Bloomberg table (headers included).
A3: Paste below

Sheet USDJPY10B1M Curncy
A1: Ticker: | B1: USDJPY10B1M Curncy | C1: 1-month 10-delta butterfly
A2: Click the yellow cell A4 and press Ctrl+V to paste the Bloomberg table (headers included).
A3: Paste below

Sheet JPY1M Curncy
A1: Ticker: | B1: JPY1M Curncy | C1: 1-month forward points
A2: Click the yellow cell A4 and press Ctrl+V to paste the Bloomberg table (headers included).
A3: Paste below

Sheet USDJPYV2W Curncy
A1: Ticker: | B1: USDJPYV2W Curncy | C1: 2-week ATM implied vol
A2: Click the yellow cell A4 and press Ctrl+V to paste the Bloomberg table (headers included).
A3: Paste below

Sheet USDJPYV2M Curncy
A1: Ticker: | B1: USDJPYV2M Curncy | C1: 2-month ATM implied vol
A2: Click the yellow cell A4 and press Ctrl+V to paste the Bloomberg table (headers included).
A3: Paste below

Sheet USDJPYV6M Curncy
A1: Ticker: | B1: USDJPYV6M Curncy | C1: 6-month ATM implied vol
A2: Click the yellow cell A4 and press Ctrl+V to paste the Bloomberg table (headers included).
A3: Paste below

Sheet USDJPYV1Y Curncy
A1: Ticker: | B1: USDJPYV1Y Curncy | C1: 1-year ATM implied vol
A2: Click the yellow cell A4 and press Ctrl+V to paste the Bloomberg table (headers included).
A3: Paste below

Sheet USDJPY25R1W Curncy
A1: Ticker: | B1: USDJPY25R1W Curncy | C1: 1-week 25-delta risk reversal
A2: Click the yellow cell A4 and press Ctrl+V to paste the Bloomberg table (headers included).
A3: Paste below

Sheet USDJPY25R3M Curncy
A1: Ticker: | B1: USDJPY25R3M Curncy | C1: 3-month 25-delta risk reversal
A2: Click the yellow cell A4 and press Ctrl+V to paste the Bloomberg table (headers included).
A3: Paste below

Sheet USDJPY25B3M Curncy
A1: Ticker: | B1: USDJPY25B3M Curncy | C1: 3-month 25-delta butterfly
A2: Click the yellow cell A4 and press Ctrl+V to paste the Bloomberg table (headers included).
A3: Paste below

Sheet JPY1W Curncy
A1: Ticker: | B1: JPY1W Curncy | C1: 1-week forward points
A2: Click the yellow cell A4 and press Ctrl+V to paste the Bloomberg table (headers included).
A3: Paste below

Sheet JPY3M Curncy
A1: Ticker: | B1: JPY3M Curncy | C1: 3-month forward points
A2: Click the yellow cell A4 and press Ctrl+V to paste the Bloomberg table (headers included).
A3: Paste below

Sheet JY1 Curncy
A1: Ticker: | B1: JY1 Curncy | C1: CME yen futures, front
A2: Click the yellow cell A4 and press Ctrl+V to paste the Bloomberg table (headers included).
A3: Paste below

Sheet JY2 Curncy
A1: Ticker: | B1: JY2 Curncy | C1: CME yen futures, second
A2: Click the yellow cell A4 and press Ctrl+V to paste the Bloomberg table (headers included).
A3: Paste below

Sheet USGG10YR Index
A1: Ticker: | B1: USGG10YR Index | C1: US 10-year Treasury yield
A2: Click the yellow cell A4 and press Ctrl+V to paste the Bloomberg table (headers included).
A3: Paste below

Sheet GTJPY2Y Govt
A1: Ticker: | B1: GTJPY2Y Govt | C1: Japan 2-year JGB yield
A2: Click the yellow cell A4 and press Ctrl+V to paste the Bloomberg table (headers included).
A3: Paste below

Sheet GTJPY10Y Govt
A1: Ticker: | B1: GTJPY10Y Govt | C1: Japan 10-year JGB yield
A2: Click the yellow cell A4 and press Ctrl+V to paste the Bloomberg table (headers included).
A3: Paste below

Sheet Extra 1
A1: Ticker: | C1: Extra 1
A2: Click the yellow cell A4 and press Ctrl+V to paste the Bloomberg table (headers included).
A3: Paste below

Sheet Extra 2
A1: Ticker: | C1: Extra 2
A2: Click the yellow cell A4 and press Ctrl+V to paste the Bloomberg table (headers included).
A3: Paste below

Sheet Extra 3
A1: Ticker: | C1: Extra 3
A2: Click the yellow cell A4 and press Ctrl+V to paste the Bloomberg table (headers included).
A3: Paste below
